<?xml version="1.0" encoding="utf-8"?>
<axisInfo>
  <version>3.7.3.0</version>
  <defaultAxis>
    <name>
    </name>
    <number>0</number>
    <node>0</node>
  </defaultAxis>
  <axisList>
    <axis>
      <name>R1M1</name>
      <number>3</number>
      <servoNetAxis>
        <node>3</node>
      </servoNetAxis>
      <driveConversion>
        <posScale>0.254072861183517</posScale>
        <posOffset>0.0</posOffset>
      </driveConversion>
      <softLimits>
        <pos>
          <asymmetric>
            <min>-1.797693E+308</min>
            <max>1.797693E+308</max>
          </asymmetric>
          <enabled>true</enabled>
        </pos>
        <vel>
          <enabled>true</enabled>
        </vel>
        <accel>
          <enabled>true</enabled>
        </accel>
        <decel>
          <enabled>true</enabled>
        </decel>
        <torque>
          <enabled>true</enabled>
        </torque>
      </softLimits>
      <filterList>
        <filter>
          <movingAverageFilter>
            <timeConstant>0.1</timeConstant>
            <source>position</source>
          </movingAverageFilter>
        </filter>
      </filterList>
      <features>
        <directPositionControl>
          <property>
            <id>1310: Enable Controller Feed Forward Velocity (0,1)</id>
            <type>uint16</type>
            <value>0</value>
          </property>
        </directPositionControl>
      </features>
      <enableTimeout>300</enableTimeout>
    </axis>
    <axis>
      <name>R1M2</name>
      <number>4</number>
      <servoNetAxis>
        <node>4</node>
      </servoNetAxis>
      <driveConversion>
        <posScale>0.254072861183517</posScale>
        <posOffset>0.0</posOffset>
      </driveConversion>
      <softLimits>
        <pos>
          <asymmetric>
            <min>-1.797693E+308</min>
            <max>1.797693E+308</max>
          </asymmetric>
          <enabled>true</enabled>
        </pos>
        <vel>
          <enabled>true</enabled>
        </vel>
        <accel>
          <enabled>true</enabled>
        </accel>
        <decel>
          <enabled>true</enabled>
        </decel>
        <torque>
          <enabled>true</enabled>
        </torque>
      </softLimits>
      <features>
        <directPositionControl>
          <property>
            <id>1310: Enable Controller Feed Forward Velocity (0,1)</id>
            <type>uint16</type>
            <value>0</value>
          </property>
        </directPositionControl>
      </features>
      <enableTimeout>300</enableTimeout>
    </axis>
    <axis>
      <name>R1M3</name>
      <number>5</number>
      <servoNetAxis>
        <node>5</node>
      </servoNetAxis>
      <driveConversion>
        <posScale>0.254072861183517</posScale>
        <posOffset>0.0</posOffset>
      </driveConversion>
      <softLimits>
        <pos>
          <asymmetric>
            <min>-1.797693E+308</min>
            <max>1.797693E+308</max>
          </asymmetric>
          <enabled>true</enabled>
        </pos>
        <vel>
          <enabled>true</enabled>
        </vel>
        <accel>
          <enabled>true</enabled>
        </accel>
        <decel>
          <enabled>true</enabled>
        </decel>
        <torque>
          <enabled>true</enabled>
        </torque>
      </softLimits>
      <features>
        <directPositionControl>
          <property>
            <id>1310: Enable Controller Feed Forward Velocity (0,1)</id>
            <type>uint16</type>
            <value>0</value>
          </property>
        </directPositionControl>
      </features>
      <enableTimeout>300</enableTimeout>
    </axis>
    <axis>
      <name>R1M4</name>
      <number>6</number>
      <servoNetAxis>
        <node>6</node>
      </servoNetAxis>
      <driveConversion>
        <posScale>0.254072861183517</posScale>
        <posOffset>0.0</posOffset>
      </driveConversion>
      <softLimits>
        <pos>
          <asymmetric>
            <min>-1.797693E+308</min>
            <max>1.797693E+308</max>
          </asymmetric>
          <enabled>true</enabled>
        </pos>
        <vel>
          <enabled>true</enabled>
        </vel>
        <accel>
          <enabled>true</enabled>
        </accel>
        <decel>
          <enabled>true</enabled>
        </decel>
        <torque>
          <enabled>true</enabled>
        </torque>
      </softLimits>
      <features>
        <directPositionControl>
          <property>
            <id>1310: Enable Controller Feed Forward Velocity (0,1)</id>
            <type>uint16</type>
            <value>0</value>
          </property>
        </directPositionControl>
      </features>
      <enableTimeout>300</enableTimeout>
    </axis>
    <axis>
      <name>R2M1</name>
      <number>7</number>
      <servoNetAxis>
        <node>7</node>
        <simulated />
      </servoNetAxis>
      <driveConversion>
        <posScale>0.254072861183517</posScale>
        <posOffset>0.0</posOffset>
      </driveConversion>
      <softLimits>
        <pos>
          <asymmetric>
            <min>-1.797693E+308</min>
            <max>1.797693E+308</max>
          </asymmetric>
          <enabled>true</enabled>
        </pos>
        <vel>
          <enabled>true</enabled>
        </vel>
        <accel>
          <enabled>true</enabled>
        </accel>
        <decel>
          <enabled>true</enabled>
        </decel>
        <torque>
          <enabled>true</enabled>
        </torque>
      </softLimits>
      <features>
        <directPositionControl>
          <property>
            <id>1310: Enable Controller Feed Forward Velocity (0,1)</id>
            <type>uint16</type>
            <value>0</value>
          </property>
        </directPositionControl>
      </features>
      <enableTimeout>300</enableTimeout>
    </axis>
    <axis>
      <name>R2M2</name>
      <number>8</number>
      <servoNetAxis>
        <node>8</node>
        <simulated />
      </servoNetAxis>
      <driveConversion>
        <posScale>0.254072861183517</posScale>
        <posOffset>0.0</posOffset>
      </driveConversion>
      <softLimits>
        <pos>
          <asymmetric>
            <min>-1.797693E+308</min>
            <max>1.797693E+308</max>
          </asymmetric>
          <enabled>true</enabled>
        </pos>
        <vel>
          <enabled>true</enabled>
        </vel>
        <accel>
          <enabled>true</enabled>
        </accel>
        <decel>
          <enabled>true</enabled>
        </decel>
        <torque>
          <enabled>true</enabled>
        </torque>
      </softLimits>
      <features>
        <directPositionControl>
          <property>
            <id>1310: Enable Controller Feed Forward Velocity (0,1)</id>
            <type>uint16</type>
            <value>0</value>
          </property>
        </directPositionControl>
      </features>
      <enableTimeout>300</enableTimeout>
    </axis>
    <axis>
      <name>R2M3</name>
      <number>9</number>
      <servoNetAxis>
        <node>9</node>
        <simulated />
      </servoNetAxis>
      <driveConversion>
        <posScale>0.254072861183517</posScale>
        <posOffset>0.0</posOffset>
      </driveConversion>
      <softLimits>
        <pos>
          <asymmetric>
            <min>-1.797693E+308</min>
            <max>1.797693E+308</max>
          </asymmetric>
          <enabled>true</enabled>
        </pos>
        <vel>
          <enabled>true</enabled>
        </vel>
        <accel>
          <enabled>true</enabled>
        </accel>
        <decel>
          <enabled>true</enabled>
        </decel>
        <torque>
          <enabled>true</enabled>
        </torque>
      </softLimits>
      <features>
        <directPositionControl>
          <property>
            <id>1310: Enable Controller Feed Forward Velocity (0,1)</id>
            <type>uint16</type>
            <value>0</value>
          </property>
        </directPositionControl>
      </features>
      <enableTimeout>300</enableTimeout>
    </axis>
    <axis>
      <name>R2M4</name>
      <number>10</number>
      <servoNetAxis>
        <node>10</node>
        <simulated />
      </servoNetAxis>
      <driveConversion>
        <posScale>0.254072861183517</posScale>
        <posOffset>0.0</posOffset>
      </driveConversion>
      <softLimits>
        <pos>
          <asymmetric>
            <min>-1.797693E+308</min>
            <max>1.797693E+308</max>
          </asymmetric>
          <enabled>true</enabled>
        </pos>
        <vel>
          <enabled>true</enabled>
        </vel>
        <accel>
          <enabled>true</enabled>
        </accel>
        <decel>
          <enabled>true</enabled>
        </decel>
        <torque>
          <enabled>true</enabled>
        </torque>
      </softLimits>
      <features>
        <directPositionControl>
          <property>
            <id>1310: Enable Controller Feed Forward Velocity (0,1)</id>
            <type>uint16</type>
            <value>0</value>
          </property>
        </directPositionControl>
      </features>
      <enableTimeout>300</enableTimeout>
    </axis>
    <axis>
      <name>R3M1</name>
      <number>11</number>
      <servoNetAxis>
        <node>11</node>
        <simulated />
      </servoNetAxis>
      <driveConversion>
        <posScale>0.254072861183517</posScale>
        <posOffset>0.0</posOffset>
      </driveConversion>
      <softLimits>
        <pos>
          <asymmetric>
            <min>-1.797693E+308</min>
            <max>1.797693E+308</max>
          </asymmetric>
          <enabled>true</enabled>
        </pos>
        <vel>
          <enabled>true</enabled>
        </vel>
        <accel>
          <enabled>true</enabled>
        </accel>
        <decel>
          <enabled>true</enabled>
        </decel>
        <torque>
          <enabled>true</enabled>
        </torque>
      </softLimits>
      <features>
        <directPositionControl>
          <property>
            <id>1310: Enable Controller Feed Forward Velocity (0,1)</id>
            <type>uint16</type>
            <value>0</value>
          </property>
        </directPositionControl>
      </features>
      <enableTimeout>300</enableTimeout>
    </axis>
    <axis>
      <name>R3M2</name>
      <number>12</number>
      <servoNetAxis>
        <node>12</node>
        <simulated />
      </servoNetAxis>
      <driveConversion>
        <posScale>0.254072861183517</posScale>
        <posOffset>0.0</posOffset>
      </driveConversion>
      <softLimits>
        <pos>
          <asymmetric>
            <min>-1.797693E+308</min>
            <max>1.797693E+308</max>
          </asymmetric>
          <enabled>true</enabled>
        </pos>
        <vel>
          <enabled>true</enabled>
        </vel>
        <accel>
          <enabled>true</enabled>
        </accel>
        <decel>
          <enabled>true</enabled>
        </decel>
        <torque>
          <enabled>true</enabled>
        </torque>
      </softLimits>
      <features>
        <directPositionControl>
          <property>
            <id>1310: Enable Controller Feed Forward Velocity (0,1)</id>
            <type>uint16</type>
            <value>0</value>
          </property>
        </directPositionControl>
      </features>
      <enableTimeout>300</enableTimeout>
    </axis>
    <axis>
      <name>R3M3</name>
      <number>13</number>
      <servoNetAxis>
        <node>13</node>
        <simulated />
      </servoNetAxis>
      <driveConversion>
        <posScale>0.254072861183517</posScale>
        <posOffset>0.0</posOffset>
      </driveConversion>
      <softLimits>
        <pos>
          <asymmetric>
            <min>-1.797693E+308</min>
            <max>1.797693E+308</max>
          </asymmetric>
          <enabled>true</enabled>
        </pos>
        <vel>
          <enabled>true</enabled>
        </vel>
        <accel>
          <enabled>true</enabled>
        </accel>
        <decel>
          <enabled>true</enabled>
        </decel>
        <torque>
          <enabled>true</enabled>
        </torque>
      </softLimits>
      <features>
        <directPositionControl>
          <property>
            <id>1310: Enable Controller Feed Forward Velocity (0,1)</id>
            <type>uint16</type>
            <value>0</value>
          </property>
        </directPositionControl>
      </features>
      <enableTimeout>300</enableTimeout>
    </axis>
    <axis>
      <name>R3M4</name>
      <number>14</number>
      <servoNetAxis>
        <node>14</node>
        <simulated />
      </servoNetAxis>
      <driveConversion>
        <posScale>0.254072861183517</posScale>
        <posOffset>0.0</posOffset>
      </driveConversion>
      <softLimits>
        <pos>
          <asymmetric>
            <min>-1.797693E+308</min>
            <max>1.797693E+308</max>
          </asymmetric>
          <enabled>true</enabled>
        </pos>
        <vel>
          <enabled>true</enabled>
        </vel>
        <accel>
          <enabled>true</enabled>
        </accel>
        <decel>
          <enabled>true</enabled>
        </decel>
        <torque>
          <enabled>true</enabled>
        </torque>
      </softLimits>
      <features>
        <directPositionControl>
          <property>
            <id>1310: Enable Controller Feed Forward Velocity (0,1)</id>
            <type>uint16</type>
            <value>0</value>
          </property>
        </directPositionControl>
      </features>
      <enableTimeout>300</enableTimeout>
    </axis>
    <axis>
      <name>R4M1</name>
      <number>15</number>
      <servoNetAxis>
        <node>15</node>
        <simulated />
      </servoNetAxis>
      <driveConversion>
        <posScale>0.254072861183517</posScale>
        <posOffset>0.0</posOffset>
      </driveConversion>
      <softLimits>
        <pos>
          <asymmetric>
            <min>-1.797693E+308</min>
            <max>1.797693E+308</max>
          </asymmetric>
          <enabled>true</enabled>
        </pos>
        <vel>
          <enabled>true</enabled>
        </vel>
        <accel>
          <enabled>true</enabled>
        </accel>
        <decel>
          <enabled>true</enabled>
        </decel>
        <torque>
          <enabled>true</enabled>
        </torque>
      </softLimits>
      <features>
        <directPositionControl>
          <property>
            <id>1310: Enable Controller Feed Forward Velocity (0,1)</id>
            <type>uint16</type>
            <value>0</value>
          </property>
        </directPositionControl>
      </features>
      <enableTimeout>300</enableTimeout>
    </axis>
    <axis>
      <name>R4M2</name>
      <number>16</number>
      <servoNetAxis>
        <node>16</node>
        <simulated />
      </servoNetAxis>
      <driveConversion>
        <posScale>0.254072861183517</posScale>
        <posOffset>0.0</posOffset>
      </driveConversion>
      <softLimits>
        <pos>
          <asymmetric>
            <min>-1.797693E+308</min>
            <max>1.797693E+308</max>
          </asymmetric>
          <enabled>true</enabled>
        </pos>
        <vel>
          <enabled>true</enabled>
        </vel>
        <accel>
          <enabled>true</enabled>
        </accel>
        <decel>
          <enabled>true</enabled>
        </decel>
        <torque>
          <enabled>true</enabled>
        </torque>
      </softLimits>
      <features>
        <directPositionControl>
          <property>
            <id>1310: Enable Controller Feed Forward Velocity (0,1)</id>
            <type>uint16</type>
            <value>0</value>
          </property>
        </directPositionControl>
      </features>
      <enableTimeout>300</enableTimeout>
    </axis>
    <axis>
      <name>R4M3</name>
      <number>17</number>
      <servoNetAxis>
        <node>17</node>
        <simulated />
      </servoNetAxis>
      <driveConversion>
        <posScale>0.254072861183517</posScale>
        <posOffset>0.0</posOffset>
      </driveConversion>
      <softLimits>
        <pos>
          <asymmetric>
            <min>-1.797693E+308</min>
            <max>1.797693E+308</max>
          </asymmetric>
          <enabled>true</enabled>
        </pos>
        <vel>
          <enabled>true</enabled>
        </vel>
        <accel>
          <enabled>true</enabled>
        </accel>
        <decel>
          <enabled>true</enabled>
        </decel>
        <torque>
          <enabled>true</enabled>
        </torque>
      </softLimits>
      <features>
        <directPositionControl>
          <property>
            <id>1310: Enable Controller Feed Forward Velocity (0,1)</id>
            <type>uint16</type>
            <value>0</value>
          </property>
        </directPositionControl>
      </features>
      <enableTimeout>300</enableTimeout>
    </axis>
    <axis>
      <name>R4M4</name>
      <number>18</number>
      <servoNetAxis>
        <node>18</node>
        <simulated />
      </servoNetAxis>
      <driveConversion>
        <posScale>0.254072861183517</posScale>
        <posOffset>0.0</posOffset>
      </driveConversion>
      <softLimits>
        <pos>
          <asymmetric>
            <min>-1.797693E+308</min>
            <max>1.797693E+308</max>
          </asymmetric>
          <enabled>true</enabled>
        </pos>
        <vel>
          <enabled>true</enabled>
        </vel>
        <accel>
          <enabled>true</enabled>
        </accel>
        <decel>
          <enabled>true</enabled>
        </decel>
        <torque>
          <enabled>true</enabled>
        </torque>
      </softLimits>
      <features>
        <directPositionControl>
          <property>
            <id>1310: Enable Controller Feed Forward Velocity (0,1)</id>
            <type>uint16</type>
            <value>0</value>
          </property>
        </directPositionControl>
      </features>
      <enableTimeout>300</enableTimeout>
    </axis>
  </axisList>
</axisInfo>