<?xml version="1.0" encoding="utf-8"?>
<hardwareProfile>
  <model>PMC-U-MP33*</model>
  <rack>
    <model>
    </model>
    <controller>
      <model>PMC-U-MP33*</model>
      <firmware>
        <model>MP3300iec</model>
        <version>3.7.4.254</version>
      </firmware>
      <cpu>
        <model>JAPMC-CP3301-E</model>
        <servoNet>
          <model>Mechatrolink-III</model>
          <servoNode>
            <index>3</index>
            <model>SGD7S-*******+</model>
            <version>0x00</version>
            <motor>
              <model>
              </model>
            </motor>
          </servoNode>
          <servoNode>
            <index>4</index>
            <model>SGD7S-*******+</model>
            <version>0x00</version>
            <motor>
              <model>
              </model>
            </motor>
          </servoNode>
          <servoNode>
            <index>5</index>
            <model>SGD7S-*******+</model>
            <version>0x00</version>
            <motor>
              <model>
              </model>
            </motor>
          </servoNode>
          <servoNode>
            <index>6</index>
            <model>SGD7S-*******+</model>
            <version>0x00</version>
            <motor>
              <model>
              </model>
            </motor>
          </servoNode>
          <servoNode>
            <index>7</index>
            <model>SGD7S-*******+</model>
            <version>0x00</version>
            <motor>
              <model>
              </model>
            </motor>
          </servoNode>
          <servoNode>
            <index>8</index>
            <model>SGD7S-*******+</model>
            <version>0x00</version>
            <motor>
              <model>
              </model>
            </motor>
          </servoNode>
          <servoNode>
            <index>9</index>
            <model>SGD7S-*******+</model>
            <version>0x00</version>
            <motor>
              <model>
              </model>
            </motor>
          </servoNode>
          <servoNode>
            <index>10</index>
            <model>SGD7S-*******+</model>
            <version>0x00</version>
            <motor>
              <model>
              </model>
            </motor>
          </servoNode>
          <servoNode>
            <index>11</index>
            <model>SGD7S-*******+</model>
            <version>0x00</version>
            <motor>
              <model>
              </model>
            </motor>
          </servoNode>
          <servoNode>
            <index>12</index>
            <model>SGD7S-*******+</model>
            <version>0x00</version>
            <motor>
              <model>
              </model>
            </motor>
          </servoNode>
          <servoNode>
            <index>13</index>
            <model>SGD7S-*******+</model>
            <version>0x00</version>
            <motor>
              <model>
              </model>
            </motor>
          </servoNode>
          <servoNode>
            <index>14</index>
            <model>SGD7S-*******+</model>
            <version>0x00</version>
            <motor>
              <model>
              </model>
            </motor>
          </servoNode>
          <servoNode>
            <index>15</index>
            <model>SGD7S-*******+</model>
            <version>0x00</version>
            <motor>
              <model>
              </model>
            </motor>
          </servoNode>
          <servoNode>
            <index>16</index>
            <model>SGD7S-*******+</model>
            <version>0x00</version>
            <motor>
              <model>
              </model>
            </motor>
          </servoNode>
          <servoNode>
            <index>17</index>
            <model>SGD7S-*******+</model>
            <version>0x00</version>
            <motor>
              <model>
              </model>
            </motor>
          </servoNode>
          <servoNode>
            <index>18</index>
            <model>SGD7S-*******+</model>
            <version>0x00</version>
            <motor>
              <model>
              </model>
            </motor>
          </servoNode>
        </servoNet>
      </cpu>
    </controller>
    <optionBase>
      <index>1</index>
      <model>JEPMC-BU3304-E</model>
      <card>
        <index>1</index>
        <model>JAPMC-IO2300</model>
      </card>
    </optionBase>
  </rack>
</hardwareProfile>