<?xml version="1.0" encoding="utf-8"?>
<io>
  <version>3.7.0.0</version>
  <ioManager>
    <logicalInput>
      <id>1</id>
      <mask>47</mask>
      <cpuIO>
        <wordIndex>1</wordIndex>
      </cpuIO>
    </logicalInput>
    <logicalInput>
      <id>3</id>
      <mask>62407</mask>
      <networkIO>
        <wordIndex>0</wordIndex>
        <nodeID>3</nodeID>
      </networkIO>
    </logicalInput>
    <logicalInput>
      <id>4</id>
      <mask>155</mask>
      <networkIO>
        <wordIndex>1</wordIndex>
        <nodeID>3</nodeID>
      </networkIO>
    </logicalInput>
    <logicalInput>
      <id>5</id>
      <mask>63431</mask>
      <networkIO>
        <wordIndex>0</wordIndex>
        <nodeID>4</nodeID>
      </networkIO>
    </logicalInput>
    <logicalInput>
      <id>6</id>
      <mask>155</mask>
      <networkIO>
        <wordIndex>1</wordIndex>
        <nodeID>4</nodeID>
      </networkIO>
    </logicalInput>
    <logicalInput>
      <id>8</id>
      <mask>63431</mask>
      <networkIO>
        <wordIndex>0</wordIndex>
        <nodeID>5</nodeID>
      </networkIO>
    </logicalInput>
    <logicalInput>
      <id>9</id>
      <mask>155</mask>
      <networkIO>
        <wordIndex>1</wordIndex>
        <nodeID>5</nodeID>
      </networkIO>
    </logicalInput>
    <logicalInput>
      <id>10</id>
      <mask>63431</mask>
      <networkIO>
        <wordIndex>0</wordIndex>
        <nodeID>6</nodeID>
      </networkIO>
    </logicalInput>
    <logicalInput>
      <id>11</id>
      <mask>155</mask>
      <networkIO>
        <wordIndex>1</wordIndex>
        <nodeID>6</nodeID>
      </networkIO>
    </logicalInput>
    <logicalInput>
      <id>12</id>
      <mask>63431</mask>
      <networkIO>
        <wordIndex>0</wordIndex>
        <nodeID>7</nodeID>
      </networkIO>
    </logicalInput>
    <logicalInput>
      <id>13</id>
      <mask>155</mask>
      <networkIO>
        <wordIndex>1</wordIndex>
        <nodeID>7</nodeID>
      </networkIO>
    </logicalInput>
    <logicalInput>
      <id>14</id>
      <mask>63431</mask>
      <networkIO>
        <wordIndex>0</wordIndex>
        <nodeID>8</nodeID>
      </networkIO>
    </logicalInput>
    <logicalInput>
      <id>15</id>
      <mask>155</mask>
      <networkIO>
        <wordIndex>1</wordIndex>
        <nodeID>8</nodeID>
      </networkIO>
    </logicalInput>
    <logicalInput>
      <id>16</id>
      <mask>63431</mask>
      <networkIO>
        <wordIndex>0</wordIndex>
        <nodeID>9</nodeID>
      </networkIO>
    </logicalInput>
    <logicalInput>
      <id>17</id>
      <mask>155</mask>
      <networkIO>
        <wordIndex>1</wordIndex>
        <nodeID>9</nodeID>
      </networkIO>
    </logicalInput>
    <logicalInput>
      <id>18</id>
      <mask>63431</mask>
      <networkIO>
        <wordIndex>0</wordIndex>
        <nodeID>10</nodeID>
      </networkIO>
    </logicalInput>
    <logicalInput>
      <id>19</id>
      <mask>155</mask>
      <networkIO>
        <wordIndex>1</wordIndex>
        <nodeID>10</nodeID>
      </networkIO>
    </logicalInput>
    <logicalInput>
      <id>20</id>
      <mask>63431</mask>
      <networkIO>
        <wordIndex>0</wordIndex>
        <nodeID>11</nodeID>
      </networkIO>
    </logicalInput>
    <logicalInput>
      <id>21</id>
      <mask>155</mask>
      <networkIO>
        <wordIndex>1</wordIndex>
        <nodeID>11</nodeID>
      </networkIO>
    </logicalInput>
    <logicalInput>
      <id>22</id>
      <mask>63431</mask>
      <networkIO>
        <wordIndex>0</wordIndex>
        <nodeID>12</nodeID>
      </networkIO>
    </logicalInput>
    <logicalInput>
      <id>23</id>
      <mask>155</mask>
      <networkIO>
        <wordIndex>1</wordIndex>
        <nodeID>12</nodeID>
      </networkIO>
    </logicalInput>
    <logicalInput>
      <id>24</id>
      <mask>63431</mask>
      <networkIO>
        <wordIndex>0</wordIndex>
        <nodeID>13</nodeID>
      </networkIO>
    </logicalInput>
    <logicalInput>
      <id>25</id>
      <mask>155</mask>
      <networkIO>
        <wordIndex>1</wordIndex>
        <nodeID>13</nodeID>
      </networkIO>
    </logicalInput>
    <logicalInput>
      <id>26</id>
      <mask>63431</mask>
      <networkIO>
        <wordIndex>0</wordIndex>
        <nodeID>14</nodeID>
      </networkIO>
    </logicalInput>
    <logicalInput>
      <id>27</id>
      <mask>155</mask>
      <networkIO>
        <wordIndex>1</wordIndex>
        <nodeID>14</nodeID>
      </networkIO>
    </logicalInput>
    <logicalInput>
      <id>28</id>
      <mask>63431</mask>
      <networkIO>
        <wordIndex>0</wordIndex>
        <nodeID>15</nodeID>
      </networkIO>
    </logicalInput>
    <logicalInput>
      <id>29</id>
      <mask>155</mask>
      <networkIO>
        <wordIndex>1</wordIndex>
        <nodeID>15</nodeID>
      </networkIO>
    </logicalInput>
    <logicalInput>
      <id>30</id>
      <mask>63431</mask>
      <networkIO>
        <wordIndex>0</wordIndex>
        <nodeID>16</nodeID>
      </networkIO>
    </logicalInput>
    <logicalInput>
      <id>31</id>
      <mask>155</mask>
      <networkIO>
        <wordIndex>1</wordIndex>
        <nodeID>16</nodeID>
      </networkIO>
    </logicalInput>
    <logicalInput>
      <id>32</id>
      <mask>63431</mask>
      <networkIO>
        <wordIndex>0</wordIndex>
        <nodeID>17</nodeID>
      </networkIO>
    </logicalInput>
    <logicalInput>
      <id>33</id>
      <mask>155</mask>
      <networkIO>
        <wordIndex>1</wordIndex>
        <nodeID>17</nodeID>
      </networkIO>
    </logicalInput>
    <logicalInput>
      <id>34</id>
      <mask>63431</mask>
      <networkIO>
        <wordIndex>0</wordIndex>
        <nodeID>18</nodeID>
      </networkIO>
    </logicalInput>
    <logicalInput>
      <id>35</id>
      <mask>155</mask>
      <networkIO>
        <wordIndex>1</wordIndex>
        <nodeID>18</nodeID>
      </networkIO>
    </logicalInput>
    <logicalInput>
      <id>7</id>
      <mask>65535</mask>
      <cardIO>
        <wordIndex>0</wordIndex>
        <slotNo>0</slotNo>
      </cardIO>
    </logicalInput>
    <logicalOutput>
      <id>1</id>
      <mask>7</mask>
      <networkIO>
        <wordIndex>0</wordIndex>
        <nodeID>3</nodeID>
      </networkIO>
    </logicalOutput>
    <logicalOutput>
      <id>2</id>
      <mask>7</mask>
      <networkIO>
        <wordIndex>0</wordIndex>
        <nodeID>4</nodeID>
      </networkIO>
    </logicalOutput>
    <logicalOutput>
      <id>4</id>
      <mask>7</mask>
      <networkIO>
        <wordIndex>0</wordIndex>
        <nodeID>5</nodeID>
      </networkIO>
    </logicalOutput>
    <logicalOutput>
      <id>5</id>
      <mask>7</mask>
      <networkIO>
        <wordIndex>0</wordIndex>
        <nodeID>6</nodeID>
      </networkIO>
    </logicalOutput>
    <logicalOutput>
      <id>6</id>
      <mask>7</mask>
      <networkIO>
        <wordIndex>0</wordIndex>
        <nodeID>7</nodeID>
      </networkIO>
    </logicalOutput>
    <logicalOutput>
      <id>7</id>
      <mask>7</mask>
      <networkIO>
        <wordIndex>0</wordIndex>
        <nodeID>8</nodeID>
      </networkIO>
    </logicalOutput>
    <logicalOutput>
      <id>8</id>
      <mask>7</mask>
      <networkIO>
        <wordIndex>0</wordIndex>
        <nodeID>9</nodeID>
      </networkIO>
    </logicalOutput>
    <logicalOutput>
      <id>9</id>
      <mask>7</mask>
      <networkIO>
        <wordIndex>0</wordIndex>
        <nodeID>10</nodeID>
      </networkIO>
    </logicalOutput>
    <logicalOutput>
      <id>10</id>
      <mask>7</mask>
      <networkIO>
        <wordIndex>0</wordIndex>
        <nodeID>11</nodeID>
      </networkIO>
    </logicalOutput>
    <logicalOutput>
      <id>11</id>
      <mask>7</mask>
      <networkIO>
        <wordIndex>0</wordIndex>
        <nodeID>12</nodeID>
      </networkIO>
    </logicalOutput>
    <logicalOutput>
      <id>12</id>
      <mask>7</mask>
      <networkIO>
        <wordIndex>0</wordIndex>
        <nodeID>13</nodeID>
      </networkIO>
    </logicalOutput>
    <logicalOutput>
      <id>13</id>
      <mask>7</mask>
      <networkIO>
        <wordIndex>0</wordIndex>
        <nodeID>14</nodeID>
      </networkIO>
    </logicalOutput>
    <logicalOutput>
      <id>14</id>
      <mask>7</mask>
      <networkIO>
        <wordIndex>0</wordIndex>
        <nodeID>15</nodeID>
      </networkIO>
    </logicalOutput>
    <logicalOutput>
      <id>15</id>
      <mask>7</mask>
      <networkIO>
        <wordIndex>0</wordIndex>
        <nodeID>16</nodeID>
      </networkIO>
    </logicalOutput>
    <logicalOutput>
      <id>16</id>
      <mask>7</mask>
      <networkIO>
        <wordIndex>0</wordIndex>
        <nodeID>17</nodeID>
      </networkIO>
    </logicalOutput>
    <logicalOutput>
      <id>17</id>
      <mask>7</mask>
      <networkIO>
        <wordIndex>0</wordIndex>
        <nodeID>18</nodeID>
      </networkIO>
    </logicalOutput>
    <logicalOutput>
      <id>3</id>
      <mask>65535</mask>
      <cardIO>
        <wordIndex>0</wordIndex>
        <slotNo>0</slotNo>
      </cardIO>
    </logicalOutput>
    <ioScan>
      <triggerMultiple>1</triggerMultiple>
      <offset>0</offset>
      <maxDuration>0.0</maxDuration>
    </ioScan>
  </ioManager>
  <etherNetIPIO>
    <client>
    </client>
    <server>
      <t2o>
        <instance>101</instance>
        <dataSz>128</dataSz>
      </t2o>
      <o2t>
        <instance>111</instance>
        <dataSz>128</dataSz>
      </o2t>
    </server>
  </etherNetIPIO>
  <modBusTCPIO>
    <server>
      <coils>512</coils>
      <registers>1024</registers>
      <inputs>512</inputs>
      <inputRegisters>10000</inputRegisters>
      <overlay>false</overlay>
    </server>
  </modBusTCPIO>
</io>