<?xml version="1.0" encoding="utf-8"?>
<servoNet>
  <version>3.6.0.0</version>
  <mlink3>
    <JL100>
      <maxRetry>1</maxRetry>
      <baseStationAddress>1</baseStationAddress>
      <maxNumSlaves>59</maxNumSlaves>
      <maxDiscoverAddress>64</maxDiscoverAddress>
      <tResponse>6250</tResponse>
      <node>
        <id>3</id>
        <tResponse>6250</tResponse>
      </node>
      <node>
        <id>4</id>
        <tResponse>6250</tResponse>
      </node>
      <node>
        <id>5</id>
        <tResponse>6250</tResponse>
      </node>
      <node>
        <id>6</id>
        <tResponse>6250</tResponse>
      </node>
      <node>
        <id>7</id>
        <tResponse>6250</tResponse>
      </node>
      <node>
        <id>8</id>
        <tResponse>6250</tResponse>
      </node>
      <node>
        <id>9</id>
        <tResponse>6250</tResponse>
      </node>
      <node>
        <id>10</id>
        <tResponse>6250</tResponse>
      </node>
      <node>
        <id>11</id>
        <tResponse>6250</tResponse>
      </node>
      <node>
        <id>12</id>
        <tResponse>6250</tResponse>
      </node>
      <node>
        <id>13</id>
        <tResponse>6250</tResponse>
      </node>
      <node>
        <id>14</id>
        <tResponse>6250</tResponse>
      </node>
      <node>
        <id>15</id>
        <tResponse>6250</tResponse>
      </node>
      <node>
        <id>16</id>
        <tResponse>6250</tResponse>
      </node>
      <node>
        <id>17</id>
        <tResponse>6250</tResponse>
      </node>
      <node>
        <id>18</id>
        <tResponse>6250</tResponse>
      </node>
    </JL100>
    <mlinkComm>
      <cycleTime>period_4_ms</cycleTime>
    </mlinkComm>
    <asyncMessage />
  </mlink3>
</servoNet>