<?xml version="1.0" encoding="utf-8"?>
<tasks>
  <task>
    <name>Task</name>
    <device>
      <deviceType>Servo</deviceType>
      <id>769</id>
      <partNum>SGD7S-*******+</partNum>
      <partName>SGD7S - 3</partName>
      <ioGroup>IAX3</ioGroup>
      <ioGroup>OAX3</ioGroup>
    </device>
    <device>
      <deviceType>Servo</deviceType>
      <id>1025</id>
      <partNum>SGD7S-*******+</partNum>
      <partName>SGD7S - 4</partName>
      <ioGroup>IAX4</ioGroup>
      <ioGroup>OAX4</ioGroup>
    </device>
    <device>
      <deviceType>Servo</deviceType>
      <id>1281</id>
      <partNum>SGD7S-*******+</partNum>
      <partName>SGD7S - 5</partName>
      <ioGroup>IAX5</ioGroup>
      <ioGroup>OAX5</ioGroup>
    </device>
    <device>
      <deviceType>Servo</deviceType>
      <id>1537</id>
      <partNum>SGD7S-*******+</partNum>
      <partName>SGD7S - 6</partName>
      <ioGroup>IAX6</ioGroup>
      <ioGroup>OAX6</ioGroup>
    </device>
    <device>
      <deviceType>Servo</deviceType>
      <id>1793</id>
      <partNum>SGD7S-*******+</partNum>
      <partName>SGD7S - 7</partName>
      <ioGroup>IAX7</ioGroup>
      <ioGroup>OAX7</ioGroup>
    </device>
    <device>
      <deviceType>Servo</deviceType>
      <id>2049</id>
      <partNum>SGD7S-*******+</partNum>
      <partName>SGD7S - 8</partName>
      <ioGroup>IAX8</ioGroup>
      <ioGroup>OAX8</ioGroup>
    </device>
    <device>
      <deviceType>Servo</deviceType>
      <id>2305</id>
      <partNum>SGD7S-*******+</partNum>
      <partName>SGD7S - 9</partName>
      <ioGroup>IAX9</ioGroup>
      <ioGroup>OAX9</ioGroup>
    </device>
    <device>
      <deviceType>Servo</deviceType>
      <id>2561</id>
      <partNum>SGD7S-*******+</partNum>
      <partName>SGD7S - 10</partName>
      <ioGroup>IAX10</ioGroup>
      <ioGroup>OAX10</ioGroup>
    </device>
    <device>
      <deviceType>Servo</deviceType>
      <id>2817</id>
      <partNum>SGD7S-*******+</partNum>
      <partName>SGD7S - 11</partName>
      <ioGroup>IAX11</ioGroup>
      <ioGroup>OAX11</ioGroup>
    </device>
    <device>
      <deviceType>Servo</deviceType>
      <id>3073</id>
      <partNum>SGD7S-*******+</partNum>
      <partName>SGD7S - 12</partName>
      <ioGroup>IAX12</ioGroup>
      <ioGroup>OAX12</ioGroup>
    </device>
    <device>
      <deviceType>Servo</deviceType>
      <id>3329</id>
      <partNum>SGD7S-*******+</partNum>
      <partName>SGD7S - 13</partName>
      <ioGroup>IAX13</ioGroup>
      <ioGroup>OAX13</ioGroup>
    </device>
    <device>
      <deviceType>Servo</deviceType>
      <id>3585</id>
      <partNum>SGD7S-*******+</partNum>
      <partName>SGD7S - 14</partName>
      <ioGroup>IAX14</ioGroup>
      <ioGroup>OAX14</ioGroup>
    </device>
    <device>
      <deviceType>Servo</deviceType>
      <id>3841</id>
      <partNum>SGD7S-*******+</partNum>
      <partName>SGD7S - 15</partName>
      <ioGroup>IAX15</ioGroup>
      <ioGroup>OAX15</ioGroup>
    </device>
    <device>
      <deviceType>Servo</deviceType>
      <id>4097</id>
      <partNum>SGD7S-*******+</partNum>
      <partName>SGD7S - 16</partName>
      <ioGroup>IAX16</ioGroup>
      <ioGroup>OAX16</ioGroup>
    </device>
    <device>
      <deviceType>Servo</deviceType>
      <id>4353</id>
      <partNum>SGD7S-*******+</partNum>
      <partName>SGD7S - 17</partName>
      <ioGroup>IAX17</ioGroup>
      <ioGroup>OAX17</ioGroup>
    </device>
    <device>
      <deviceType>Servo</deviceType>
      <id>4609</id>
      <partNum>SGD7S-*******+</partNum>
      <partName>SGD7S - 18</partName>
      <ioGroup>IAX18</ioGroup>
      <ioGroup>OAX18</ioGroup>
    </device>
    <device>
      <deviceType>EIPServer</deviceType>
      <id>0</id>
      <partNum>PMC-U-MP33*</partNum>
      <partName>EtherNet/IP</partName>
      <ioGroup>oEIP101</ioGroup>
      <ioGroup>iEIP111</ioGroup>
    </device>
    <device>
      <deviceType>ModbusServer</deviceType>
      <id>0</id>
      <partNum>PMC-U-MP33*</partNum>
      <partName>Modbus/TCP</partName>
      <ioGroup>iMBWCoil05</ioGroup>
      <ioGroup>iMBWHR0616</ioGroup>
      <ioGroup>oMBInputs02</ioGroup>
      <ioGroup>oMBInReg04</ioGroup>
    </device>
    <device>
      <deviceType>Card</deviceType>
      <id>1</id>
      <partNum>JAPMC-IO2300</partNum>
      <partName>LIO-01 - 1</partName>
      <ioGroup>IMO1</ioGroup>
      <ioGroup>OMO1</ioGroup>
    </device>
  </task>
</tasks>