<?xml version="1.0" encoding="utf-8"?>
<drive>
  <modelNumber>SGD7S-#######</modelNumber>
  <linear>false</linear>
  <minFirmwareVersion>0x00</minFirmwareVersion>
  <driveParameters>
    <param>
      <pn>0</pn>
      <value>1</value>
      <type>uint16</type>
    </param>
    <param>
      <pn>1</pn>
      <value>18</value>
      <type>uint16</type>
    </param>
    <param>
      <pn>2</pn>
      <value>17</value>
      <type>uint16</type>
    </param>
    <param>
      <pn>6</pn>
      <value>2</value>
      <type>uint16</type>
    </param>
    <param>
      <pn>7</pn>
      <value>0</value>
      <type>uint16</type>
    </param>
    <param>
      <pn>8</pn>
      <value>16384</value>
      <type>uint16</type>
    </param>
    <param>
      <pn>9</pn>
      <value>16</value>
      <type>uint16</type>
    </param>
    <param>
      <pn>10</pn>
      <value>1</value>
      <type>uint16</type>
    </param>
    <param>
      <pn>11</pn>
      <value>0</value>
      <type>uint16</type>
    </param>
    <param>
      <pn>12</pn>
      <value>0</value>
      <type>uint16</type>
    </param>
    <param>
      <pn>13</pn>
      <value>0</value>
      <type>uint16</type>
    </param>
    <param>
      <pn>14</pn>
      <value>0</value>
      <type>uint16</type>
    </param>
    <param>
      <pn>15</pn>
      <value>0</value>
      <type>uint16</type>
    </param>
    <param>
      <pn>129</pn>
      <value>0</value>
      <type>uint16</type>
    </param>
    <param>
      <pn>256</pn>
      <value>400</value>
      <type>uint16</type>
    </param>
    <param>
      <pn>257</pn>
      <value>2000</value>
      <type>uint16</type>
    </param>
    <param>
      <pn>258</pn>
      <value>400</value>
      <type>uint16</type>
    </param>
    <param>
      <pn>259</pn>
      <value>100</value>
      <type>uint16</type>
    </param>
    <param>
      <pn>260</pn>
      <value>400</value>
      <type>uint16</type>
    </param>
    <param>
      <pn>261</pn>
      <value>2000</value>
      <type>uint16</type>
    </param>
    <param>
      <pn>262</pn>
      <value>400</value>
      <type>uint16</type>
    </param>
    <param>
      <pn>265</pn>
      <value>0</value>
      <type>uint16</type>
    </param>
    <param>
      <pn>266</pn>
      <value>0</value>
      <type>uint16</type>
    </param>
    <param>
      <pn>267</pn>
      <value>0</value>
      <type>uint16</type>
    </param>
    <param>
      <pn>268</pn>
      <value>0</value>
      <type>uint16</type>
    </param>
    <param>
      <pn>269</pn>
      <value>0</value>
      <type>uint16</type>
    </param>
    <param>
      <pn>270</pn>
      <value>0</value>
      <type>uint16</type>
    </param>
    <param>
      <pn>271</pn>
      <value>0</value>
      <type>uint16</type>
    </param>
    <param>
      <pn>287</pn>
      <value>0</value>
      <type>uint16</type>
    </param>
    <param>
      <pn>289</pn>
      <value>100</value>
      <type>uint16</type>
    </param>
    <param>
      <pn>290</pn>
      <value>100</value>
      <type>uint16</type>
    </param>
    <param>
      <pn>291</pn>
      <value>0</value>
      <type>uint16</type>
    </param>
    <param>
      <pn>292</pn>
      <value>0</value>
      <type>uint16</type>
    </param>
    <param>
      <pn>293</pn>
      <value>100</value>
      <type>uint16</type>
    </param>
    <param>
      <pn>305</pn>
      <value>0</value>
      <type>uint16</type>
    </param>
    <param>
      <pn>306</pn>
      <value>0</value>
      <type>uint16</type>
    </param>
    <param>
      <pn>309</pn>
      <value>0</value>
      <type>uint16</type>
    </param>
    <param>
      <pn>310</pn>
      <value>0</value>
      <type>uint16</type>
    </param>
    <param>
      <pn>313</pn>
      <value>0</value>
      <type>uint16</type>
    </param>
    <param>
      <pn>317</pn>
      <value>2000</value>
      <type>uint16</type>
    </param>
    <param>
      <pn>320</pn>
      <value>256</value>
      <type>uint16</type>
    </param>
    <param>
      <pn>321</pn>
      <value>500</value>
      <type>uint16</type>
    </param>
    <param>
      <pn>322</pn>
      <value>1000</value>
      <type>uint16</type>
    </param>
    <param>
      <pn>323</pn>
      <value>1000</value>
      <type>uint16</type>
    </param>
    <param>
      <pn>324</pn>
      <value>1000</value>
      <type>uint16</type>
    </param>
    <param>
      <pn>325</pn>
      <value>500</value>
      <type>uint16</type>
    </param>
    <param>
      <pn>326</pn>
      <value>700</value>
      <type>uint16</type>
    </param>
    <param>
      <pn>327</pn>
      <value>1000</value>
      <type>uint16</type>
    </param>
    <param>
      <pn>328</pn>
      <value>500</value>
      <type>uint16</type>
    </param>
    <param>
      <pn>329</pn>
      <value>1000</value>
      <type>uint16</type>
    </param>
    <param>
      <pn>330</pn>
      <value>800</value>
      <type>uint16</type>
    </param>
    <param>
      <pn>331</pn>
      <value>100</value>
      <type>uint16</type>
    </param>
    <param>
      <pn>335</pn>
      <value>33</value>
      <type>uint16</type>
    </param>
    <param>
      <pn>352</pn>
      <value>16</value>
      <type>uint16</type>
    </param>
    <param>
      <pn>353</pn>
      <value>1000</value>
      <type>uint16</type>
    </param>
    <param>
      <pn>354</pn>
      <value>100</value>
      <type>uint16</type>
    </param>
    <param>
      <pn>355</pn>
      <value>0</value>
      <type>uint16</type>
    </param>
    <param>
      <pn>356</pn>
      <value>0</value>
      <type>uint16</type>
    </param>
    <param>
      <pn>357</pn>
      <value>0</value>
      <type>uint16</type>
    </param>
    <param>
      <pn>358</pn>
      <value>0</value>
      <type>uint16</type>
    </param>
    <param>
      <pn>368</pn>
      <value>5121</value>
      <type>uint16</type>
    </param>
    <param>
      <pn>517</pn>
      <value>65535</value>
      <type>uint16</type>
    </param>
    <param>
      <pn>519</pn>
      <value>16</value>
      <type>uint16</type>
    </param>
    <param>
      <pn>522</pn>
      <value>32768</value>
      <type>uint32</type>
    </param>
    <param>
      <pn>526</pn>
      <value>1</value>
      <type>uint32</type>
    </param>
    <param>
      <pn>528</pn>
      <value>1</value>
      <type>uint32</type>
    </param>
    <param>
      <pn>530</pn>
      <value>2048</value>
      <type>uint32</type>
    </param>
    <param>
      <pn>534</pn>
      <value>0</value>
      <type>uint16</type>
    </param>
    <param>
      <pn>535</pn>
      <value>0</value>
      <type>uint16</type>
    </param>
    <param>
      <pn>554</pn>
      <value>0</value>
      <type>uint16</type>
    </param>
    <param>
      <pn>560</pn>
      <value>0</value>
      <type>uint16</type>
    </param>
    <param>
      <pn>561</pn>
      <value>0</value>
      <type>uint32</type>
    </param>
    <param>
      <pn>563</pn>
      <value>0</value>
      <type>uint16</type>
    </param>
    <param>
      <pn>576</pn>
      <value>0</value>
      <type>uint16</type>
    </param>
    <param>
      <pn>641</pn>
      <value>20</value>
      <type>uint16</type>
    </param>
    <param>
      <pn>772</pn>
      <value>500</value>
      <type>uint16</type>
    </param>
    <param>
      <pn>773</pn>
      <value>0</value>
      <type>uint16</type>
    </param>
    <param>
      <pn>774</pn>
      <value>0</value>
      <type>uint16</type>
    </param>
    <param>
      <pn>776</pn>
      <value>0</value>
      <type>uint16</type>
    </param>
    <param>
      <pn>778</pn>
      <value>0</value>
      <type>uint16</type>
    </param>
    <param>
      <pn>779</pn>
      <value>0</value>
      <type>uint16</type>
    </param>
    <param>
      <pn>780</pn>
      <value>0</value>
      <type>uint16</type>
    </param>
    <param>
      <pn>784</pn>
      <value>0</value>
      <type>uint16</type>
    </param>
    <param>
      <pn>785</pn>
      <value>100</value>
      <type>uint16</type>
    </param>
    <param>
      <pn>786</pn>
      <value>50</value>
      <type>uint16</type>
    </param>
    <param>
      <pn>790</pn>
      <value>10000</value>
      <type>uint16</type>
    </param>
    <param>
      <pn>804</pn>
      <value>300</value>
      <type>uint16</type>
    </param>
    <param>
      <pn>1025</pn>
      <value>100</value>
      <type>uint16</type>
    </param>
    <param>
      <pn>1026</pn>
      <value>158</value>
      <type>uint16</type>
    </param>
    <param>
      <pn>1027</pn>
      <value>158</value>
      <type>uint16</type>
    </param>
    <param>
      <pn>1028</pn>
      <value>100</value>
      <type>uint16</type>
    </param>
    <param>
      <pn>1029</pn>
      <value>100</value>
      <type>uint16</type>
    </param>
    <param>
      <pn>1030</pn>
      <value>158</value>
      <type>uint16</type>
    </param>
    <param>
      <pn>1031</pn>
      <value>10000</value>
      <type>uint16</type>
    </param>
    <param>
      <pn>1032</pn>
      <value>0</value>
      <type>uint16</type>
    </param>
    <param>
      <pn>1033</pn>
      <value>5000</value>
      <type>uint16</type>
    </param>
    <param>
      <pn>1034</pn>
      <value>70</value>
      <type>uint16</type>
    </param>
    <param>
      <pn>1035</pn>
      <value>0</value>
      <type>uint16</type>
    </param>
    <param>
      <pn>1036</pn>
      <value>5000</value>
      <type>uint16</type>
    </param>
    <param>
      <pn>1037</pn>
      <value>70</value>
      <type>uint16</type>
    </param>
    <param>
      <pn>1038</pn>
      <value>0</value>
      <type>uint16</type>
    </param>
    <param>
      <pn>1039</pn>
      <value>5000</value>
      <type>uint16</type>
    </param>
    <param>
      <pn>1040</pn>
      <value>50</value>
      <type>uint16</type>
    </param>
    <param>
      <pn>1042</pn>
      <value>100</value>
      <type>uint16</type>
    </param>
    <param>
      <pn>1046</pn>
      <value>0</value>
      <type>uint16</type>
    </param>
    <param>
      <pn>1047</pn>
      <value>5000</value>
      <type>uint16</type>
    </param>
    <param>
      <pn>1048</pn>
      <value>70</value>
      <type>uint16</type>
    </param>
    <param>
      <pn>1049</pn>
      <value>0</value>
      <type>uint16</type>
    </param>
    <param>
      <pn>1050</pn>
      <value>5000</value>
      <type>uint16</type>
    </param>
    <param>
      <pn>1051</pn>
      <value>70</value>
      <type>uint16</type>
    </param>
    <param>
      <pn>1052</pn>
      <value>0</value>
      <type>uint16</type>
    </param>
    <param>
      <pn>1053</pn>
      <value>5000</value>
      <type>uint16</type>
    </param>
    <param>
      <pn>1054</pn>
      <value>70</value>
      <type>uint16</type>
    </param>
    <param>
      <pn>1055</pn>
      <value>0</value>
      <type>uint16</type>
    </param>
    <param>
      <pn>1059</pn>
      <value>0</value>
      <type>uint16</type>
    </param>
    <param>
      <pn>1060</pn>
      <value>50</value>
      <type>uint16</type>
    </param>
    <param>
      <pn>1061</pn>
      <value>100</value>
      <type>uint16</type>
    </param>
    <param>
      <pn>1062</pn>
      <value>0</value>
      <type>uint16</type>
    </param>
    <param>
      <pn>1063</pn>
      <value>0</value>
      <type>uint16</type>
    </param>
    <param>
      <pn>1110</pn>
      <value>15</value>
      <type>uint16</type>
    </param>
    <param>
      <pn>1120</pn>
      <value>257</value>
      <type>uint16</type>
    </param>
    <param>
      <pn>1282</pn>
      <value>20</value>
      <type>uint16</type>
    </param>
    <param>
      <pn>1283</pn>
      <value>10</value>
      <type>uint16</type>
    </param>
    <param>
      <pn>1286</pn>
      <value>0</value>
      <type>uint16</type>
    </param>
    <param>
      <pn>1287</pn>
      <value>100</value>
      <type>uint16</type>
    </param>
    <param>
      <pn>1288</pn>
      <value>50</value>
      <type>uint16</type>
    </param>
    <param>
      <pn>1289</pn>
      <value>20</value>
      <type>uint16</type>
    </param>
    <param>
      <pn>1290</pn>
      <value>34945</value>
      <type>uint16</type>
    </param>
    <param>
      <pn>1291</pn>
      <value>34952</value>
      <type>uint16</type>
    </param>
    <param>
      <pn>1294</pn>
      <value>0</value>
      <type>uint16</type>
    </param>
    <param>
      <pn>1295</pn>
      <value>256</value>
      <type>uint16</type>
    </param>
    <param>
      <pn>1296</pn>
      <value>0</value>
      <type>uint16</type>
    </param>
    <param>
      <pn>1297</pn>
      <value>25923</value>
      <type>uint16</type>
    </param>
    <param>
      <pn>1298</pn>
      <value>0</value>
      <type>uint16</type>
    </param>
    <param>
      <pn>1299</pn>
      <value>0</value>
      <type>uint16</type>
    </param>
    <param>
      <pn>1300</pn>
      <value>0</value>
      <type>uint16</type>
    </param>
    <param>
      <pn>1302</pn>
      <value>34952</value>
      <type>uint16</type>
    </param>
    <param>
      <pn>1304</pn>
      <value>0</value>
      <type>uint16</type>
    </param>
    <param>
      <pn>1305</pn>
      <value>34952</value>
      <type>uint16</type>
    </param>
    <param>
      <pn>1307</pn>
      <value>1000</value>
      <type>uint32</type>
    </param>
    <param>
      <pn>1310</pn>
      <value>100</value>
      <type>uint16</type>
    </param>
    <param>
      <pn>1312</pn>
      <value>5242880</value>
      <type>uint32</type>
    </param>
    <param>
      <pn>1314</pn>
      <value>7</value>
      <type>uint32</type>
    </param>
    <param>
      <pn>1316</pn>
      <value>1073741824</value>
      <type>uint32</type>
    </param>
    <param>
      <pn>1318</pn>
      <value>5242880</value>
      <type>uint32</type>
    </param>
    <param>
      <pn>1320</pn>
      <value>100</value>
      <type>uint16</type>
    </param>
    <param>
      <pn>1321</pn>
      <value>10000</value>
      <type>uint16</type>
    </param>
    <param>
      <pn>1322</pn>
      <value>20</value>
      <type>uint16</type>
    </param>
    <param>
      <pn>1323</pn>
      <value>20</value>
      <type>uint16</type>
    </param>
    <param>
      <pn>1324</pn>
      <value>100</value>
      <type>uint16</type>
    </param>
    <param>
      <pn>1327</pn>
      <value>4095</value>
      <type>uint16</type>
    </param>
    <param>
      <pn>1328</pn>
      <value>0</value>
      <type>uint16</type>
    </param>
    <param>
      <pn>1329</pn>
      <value>32768</value>
      <type>uint32</type>
    </param>
    <param>
      <pn>1331</pn>
      <value>500</value>
      <type>uint16</type>
    </param>
    <param>
      <pn>1332</pn>
      <value>100</value>
      <type>uint16</type>
    </param>
    <param>
      <pn>1333</pn>
      <value>100</value>
      <type>uint16</type>
    </param>
    <param>
      <pn>1334</pn>
      <value>1</value>
      <type>uint16</type>
    </param>
    <param>
      <pn>1352</pn>
      <value>0</value>
      <type>uint16</type>
    </param>
    <param>
      <pn>1360</pn>
      <value>0</value>
      <type>uint16</type>
    </param>
    <param>
      <pn>1361</pn>
      <value>0</value>
      <type>uint16</type>
    </param>
    <param>
      <pn>1362</pn>
      <value>100</value>
      <type>uint16</type>
    </param>
    <param>
      <pn>1363</pn>
      <value>100</value>
      <type>uint16</type>
    </param>
    <param>
      <pn>1370</pn>
      <value>1</value>
      <type>uint16</type>
    </param>
    <param>
      <pn>1376</pn>
      <value>400</value>
      <type>uint16</type>
    </param>
    <param>
      <pn>1377</pn>
      <value>100</value>
      <type>uint16</type>
    </param>
    <param>
      <pn>1536</pn>
      <value>0</value>
      <type>uint16</type>
    </param>
    <param>
      <pn>1537</pn>
      <value>0</value>
      <type>uint16</type>
    </param>
    <param>
      <pn>1539</pn>
      <value>0</value>
      <type>uint16</type>
    </param>
    <param>
      <pn>1540</pn>
      <value>0</value>
      <type>uint16</type>
    </param>
    <param>
      <pn>1569</pn>
      <value>0</value>
      <type>uint16</type>
    </param>
    <param>
      <pn>1570</pn>
      <value>10000</value>
      <type>uint16</type>
    </param>
    <param>
      <pn>1571</pn>
      <value>10000</value>
      <type>uint16</type>
    </param>
    <param>
      <pn>1572</pn>
      <value>10</value>
      <type>uint16</type>
    </param>
    <param>
      <pn>1573</pn>
      <value>100</value>
      <type>uint16</type>
    </param>
    <param>
      <pn>1574</pn>
      <value>100</value>
      <type>uint32</type>
    </param>
    <param>
      <pn>1576</pn>
      <value>10</value>
      <type>uint16</type>
    </param>
    <param>
      <pn>2048</pn>
      <value>4160</value>
      <type>uint16</type>
    </param>
    <param>
      <pn>2049</pn>
      <value>3</value>
      <type>uint16</type>
    </param>
    <param>
      <pn>2050</pn>
      <value>0</value>
      <type>uint16</type>
    </param>
    <param>
      <pn>2051</pn>
      <value>10</value>
      <type>uint16</type>
    </param>
    <param>
      <pn>2052</pn>
      <value>1073741823</value>
      <type>uint32</type>
    </param>
    <param>
      <pn>2054</pn>
      <value>3221225473</value>
      <type>uint32</type>
    </param>
    <param>
      <pn>2056</pn>
      <value>0</value>
      <type>uint32</type>
    </param>
    <param>
      <pn>2058</pn>
      <value>100</value>
      <type>uint16</type>
    </param>
    <param>
      <pn>2059</pn>
      <value>100</value>
      <type>uint16</type>
    </param>
    <param>
      <pn>2060</pn>
      <value>0</value>
      <type>uint16</type>
    </param>
    <param>
      <pn>2061</pn>
      <value>100</value>
      <type>uint16</type>
    </param>
    <param>
      <pn>2062</pn>
      <value>100</value>
      <type>uint16</type>
    </param>
    <param>
      <pn>2063</pn>
      <value>0</value>
      <type>uint16</type>
    </param>
    <param>
      <pn>2064</pn>
      <value>0</value>
      <type>uint16</type>
    </param>
    <param>
      <pn>2065</pn>
      <value>0</value>
      <type>uint16</type>
    </param>
    <param>
      <pn>2066</pn>
      <value>0</value>
      <type>uint16</type>
    </param>
    <param>
      <pn>2067</pn>
      <value>0</value>
      <type>uint16</type>
    </param>
    <param>
      <pn>2068</pn>
      <value>100</value>
      <type>uint32</type>
    </param>
    <param>
      <pn>2070</pn>
      <value>0</value>
      <type>uint16</type>
    </param>
    <param>
      <pn>2071</pn>
      <value>50</value>
      <type>uint16</type>
    </param>
    <param>
      <pn>2072</pn>
      <value>5</value>
      <type>uint16</type>
    </param>
    <param>
      <pn>2073</pn>
      <value>100</value>
      <type>uint32</type>
    </param>
    <param>
      <pn>2075</pn>
      <value>0</value>
      <type>uint16</type>
    </param>
    <param>
      <pn>2076</pn>
      <value>0</value>
      <type>uint16</type>
    </param>
    <param>
      <pn>2077</pn>
      <value>0</value>
      <type>uint16</type>
    </param>
    <param>
      <pn>2078</pn>
      <value>0</value>
      <type>uint16</type>
    </param>
    <param>
      <pn>2079</pn>
      <value>16</value>
      <type>uint16</type>
    </param>
    <param>
      <pn>2080</pn>
      <value>0</value>
      <type>uint32</type>
    </param>
    <param>
      <pn>2082</pn>
      <value>0</value>
      <type>uint32</type>
    </param>
    <param>
      <pn>2084</pn>
      <value>0</value>
      <type>uint16</type>
    </param>
    <param>
      <pn>2085</pn>
      <value>0</value>
      <type>uint16</type>
    </param>
    <param>
      <pn>2087</pn>
      <value>100</value>
      <type>uint16</type>
    </param>
    <param>
      <pn>2089</pn>
      <value>0</value>
      <type>uint16</type>
    </param>
    <param>
      <pn>2090</pn>
      <value>6163</value>
      <type>uint16</type>
    </param>
    <param>
      <pn>2091</pn>
      <value>7452</value>
      <type>uint16</type>
    </param>
    <param>
      <pn>2092</pn>
      <value>7966</value>
      <type>uint16</type>
    </param>
    <param>
      <pn>2093</pn>
      <value>0</value>
      <type>uint16</type>
    </param>
    <param>
      <pn>2094</pn>
      <value>0</value>
      <type>uint16</type>
    </param>
    <param>
      <pn>2099</pn>
      <value>0</value>
      <type>uint16</type>
    </param>
    <param>
      <pn>2100</pn>
      <value>100</value>
      <type>uint32</type>
    </param>
    <param>
      <pn>2102</pn>
      <value>100</value>
      <type>uint32</type>
    </param>
    <param>
      <pn>2104</pn>
      <value>0</value>
      <type>uint32</type>
    </param>
    <param>
      <pn>2106</pn>
      <value>100</value>
      <type>uint32</type>
    </param>
    <param>
      <pn>2108</pn>
      <value>100</value>
      <type>uint32</type>
    </param>
    <param>
      <pn>2110</pn>
      <value>0</value>
      <type>uint32</type>
    </param>
    <param>
      <pn>2112</pn>
      <value>100</value>
      <type>uint32</type>
    </param>
    <param>
      <pn>2114</pn>
      <value>0</value>
      <type>uint32</type>
    </param>
    <param>
      <pn>2116</pn>
      <value>0</value>
      <type>uint32</type>
    </param>
    <param>
      <pn>2128</pn>
      <value>0</value>
      <type>uint16</type>
    </param>
    <param>
      <pn>2129</pn>
      <value>0</value>
      <type>uint16</type>
    </param>
    <param>
      <pn>2130</pn>
      <value>0</value>
      <type>uint16</type>
    </param>
    <param>
      <pn>2131</pn>
      <value>0</value>
      <type>uint16</type>
    </param>
    <param>
      <pn>2144</pn>
      <value>0</value>
      <type>uint16</type>
    </param>
    <param>
      <pn>2145</pn>
      <value>0</value>
      <type>uint16</type>
    </param>
    <param>
      <pn>2146</pn>
      <value>0</value>
      <type>uint16</type>
    </param>
    <param>
      <pn>2147</pn>
      <value>0</value>
      <type>uint16</type>
    </param>
    <param>
      <pn>2148</pn>
      <value>0</value>
      <type>uint16</type>
    </param>
    <param>
      <pn>2149</pn>
      <value>0</value>
      <type>uint16</type>
    </param>
    <param>
      <pn>2150</pn>
      <value>0</value>
      <type>uint16</type>
    </param>
    <param>
      <pn>2152</pn>
      <value>0</value>
      <type>uint16</type>
    </param>
    <param>
      <pn>2153</pn>
      <value>0</value>
      <type>uint16</type>
    </param>
  </driveParameters>
</drive>